"","spot_class","first_type","second_type","first_class","second_class","min_score","singlet_score","conv_all","conv_doublet"
"spot0.0","singlet","PT","TAL",FALSE,FALSE,442.06235990225,450.749532989848,TRUE,TRUE
"spot0.1","singlet","PT","TAL",FALSE,FALSE,407.181744269004,407.311197031147,TRUE,TRUE
"spot0.10","singlet","DCT","PT",FALSE,FALSE,361.524424665019,381.854778653106,TRUE,TRUE
"spot0.11","singlet","TAL","CCD",FALSE,FALSE,273.280079580252,279.195851555129,TRUE,TRUE
"spot0.12","singlet","PT","DCT",FALSE,FALSE,417.245326080324,435.016075220885,TRUE,TRUE
"spot0.13","singlet","ENDO","DCT",FALSE,FALSE,215.685698664333,218.271554382446,TRUE,TRUE
"spot0.14","singlet","PT","TAL",FALSE,FALSE,407.759801596032,415.617504822646,TRUE,TRUE
"spot0.15","singlet","TAL","DCT",FALSE,FALSE,311.003372490689,315.953822137047,TRUE,TRUE
"spot0.16","singlet","IMMUNE","PT",FALSE,FALSE,440.692444940954,465.38229745975,TRUE,TRUE
"spot0.17","singlet","PT","TAL",FALSE,FALSE,427.247254035086,427.726360580653,TRUE,TRUE
"spot0.18","singlet","PT","TAL",FALSE,FALSE,338.300961349734,357.420262743318,TRUE,TRUE
"spot0.19","singlet","TAL","CCD",FALSE,FALSE,314.667654314711,331.121277081446,TRUE,TRUE
"spot0.2","singlet","PT","IMMUNE",FALSE,FALSE,382.08211592861,383.279316904391,TRUE,TRUE
"spot0.20","reject","CCD","ENDO",FALSE,FALSE,347.721586430417,397.721586430417,TRUE,TRUE
"spot0.21","doublet_certain","ENDO","PT",FALSE,FALSE,306.912825269103,341.650874503143,TRUE,TRUE
"spot0.22","singlet","DCT","PT",FALSE,FALSE,303.153972625127,316.87728260723,TRUE,TRUE
"spot0.23","singlet","CCD","DCT",FALSE,FALSE,309.017392860843,318.533072874959,TRUE,TRUE
"spot0.24","singlet","CCD","TAL",FALSE,FALSE,360.986645164862,365.549110870605,TRUE,TRUE
"spot0.3","singlet","PT","TAL",FALSE,FALSE,448.416330389014,454.010824300919,TRUE,TRUE
"spot0.4","singlet","PT","VSM",FALSE,FALSE,397.256335856191,398.96766977087,TRUE,TRUE
"spot0.5","singlet","TAL","PT",FALSE,FALSE,277.114796045108,292.074171483589,TRUE,TRUE
"spot0.6","singlet","VSM","TAL",FALSE,FALSE,258.361753825932,263.003766255056,TRUE,TRUE
"spot0.7","singlet","VSM","TAL",FALSE,FALSE,267.676360599407,277.099581261593,TRUE,TRUE
"spot0.8","singlet","PT","TAL",FALSE,FALSE,345.458785018038,364.178892872583,TRUE,TRUE
"spot0.9","singlet","PT","DCT",FALSE,FALSE,416.938822633998,426.440356446106,TRUE,TRUE
"spot1.0","doublet_certain","TAL","PT",FALSE,FALSE,347.426070641782,384.611077569039,TRUE,TRUE
"spot1.1","singlet","PT","TAL",FALSE,FALSE,412.817650238338,414.586874266624,TRUE,TRUE
"spot1.10","singlet","PT","TAL",FALSE,FALSE,408.952897300087,409.658354936149,TRUE,TRUE
"spot1.11","singlet","CCD","TAL",FALSE,FALSE,353.956428439768,376.502357559897,TRUE,TRUE
"spot1.12","singlet","CCD","PT",FALSE,FALSE,338.065120326622,342.924226535837,TRUE,TRUE
"spot1.13","doublet_certain","DCT","ENDO",FALSE,FALSE,252.186286355218,280.141175168131,TRUE,TRUE
"spot1.14","singlet","PT","CCD",FALSE,FALSE,369.279256497985,371.306959307396,TRUE,TRUE
"spot1.15","doublet_certain","TAL","PT",FALSE,FALSE,417.24924019455,445.522918231074,TRUE,TRUE
"spot1.16","singlet","CCD","TAL",FALSE,FALSE,295.484661378313,307.999034196535,TRUE,TRUE
"spot1.17","reject","CCD","TAL",FALSE,FALSE,391.358735075263,441.358735075263,TRUE,TRUE
"spot1.18","reject","PT","TAL",FALSE,FALSE,354.855847723603,404.855847723603,TRUE,TRUE
"spot1.19","doublet_certain","DCT","ENDO",FALSE,FALSE,310.096951013917,350.6228292824,TRUE,TRUE
"spot1.2","doublet_certain","PT","DCT",FALSE,FALSE,371.947180319316,404.268882360949,TRUE,TRUE
"spot1.20","singlet","PT","ENDO",FALSE,FALSE,381.533456463925,393.170116055172,TRUE,TRUE
"spot1.21","singlet","PT","CCD",FALSE,FALSE,411.422530080723,411.404617035299,TRUE,TRUE
"spot1.22","singlet","PT","VSM",FALSE,FALSE,337.632687550079,361.44341419199,TRUE,TRUE
"spot1.23","singlet","CCD","VSM",FALSE,FALSE,354.262748726243,357.014412332861,TRUE,TRUE
"spot1.24","singlet","TAL","CCD",FALSE,FALSE,300.635374031295,311.798799437792,TRUE,TRUE
"spot1.3","singlet","DCT","VSM",FALSE,FALSE,314.545258996073,315.864631388903,TRUE,TRUE
"spot1.4","singlet","DCT","TAL",FALSE,FALSE,310.551347362276,326.952768498688,TRUE,TRUE
"spot1.5","singlet","TAL","ENDO",FALSE,FALSE,252.938640890764,253.553793456725,TRUE,TRUE
"spot1.6","singlet","DCT","VSM",FALSE,FALSE,309.939352069201,318.228186617819,TRUE,TRUE
"spot1.7","reject","DCT","VSM",FALSE,FALSE,327.009172379858,377.009172379858,TRUE,TRUE
"spot1.8","doublet_certain","PT","TAL",FALSE,FALSE,368.482161313888,393.757531823657,TRUE,TRUE
"spot1.9","singlet","PT","DCT",FALSE,FALSE,414.709544220252,433.728911804274,TRUE,TRUE
"spot10.0","singlet","PT","CCD",FALSE,FALSE,403.462162753408,420.577472851792,TRUE,TRUE
"spot10.1","singlet","PT","PODS",FALSE,FALSE,381.174868693253,382.192236291897,TRUE,TRUE
"spot10.10","doublet_uncertain","PT","TAL",FALSE,FALSE,369.379145403842,398.505283273363,TRUE,TRUE
"spot10.11","doublet_certain","PT","DCT",FALSE,FALSE,380.338080980138,418.541578885745,TRUE,TRUE
"spot10.12","singlet","UROTHELIUM","PT",FALSE,FALSE,454.092675015316,478.216542276359,TRUE,TRUE
"spot10.13","singlet","UROTHELIUM","ENDO",FALSE,FALSE,452.174400965245,461.26828837845,TRUE,TRUE
"spot10.14","singlet","IMMUNE","ENDO",FALSE,FALSE,298.415067073838,305.61530825659,TRUE,TRUE
"spot10.15","singlet","ENDO","IMMUNE",FALSE,FALSE,267.25896231348,280.389841806937,TRUE,TRUE
"spot10.16","singlet","ENDO","PT",FALSE,FALSE,274.717615241844,292.238454297428,TRUE,TRUE
"spot10.17","singlet","ENDO","PT",FALSE,FALSE,280.483203015626,296.273465499648,TRUE,TRUE
"spot10.18","reject","IMMUNE","TAL",FALSE,FALSE,301.806867026205,351.806867026205,TRUE,TRUE
"spot10.19","singlet","PT","TAL",FALSE,FALSE,437.660694730053,438.27939569652,TRUE,TRUE
"spot10.2","singlet","PT","PODS",FALSE,FALSE,414.057865671947,416.037942210419,TRUE,TRUE
"spot10.20","singlet","PT","DCT",FALSE,FALSE,378.581163075784,384.500391849092,TRUE,TRUE
"spot10.21","singlet","TAL","PT",FALSE,FALSE,385.080983728217,408.89897388706,TRUE,TRUE
"spot10.22","doublet_uncertain","PT","TAL",FALSE,FALSE,353.30528737357,381.103233291134,TRUE,TRUE
"spot10.23","singlet","DCT","PT",FALSE,FALSE,316.698248918547,321.490406350441,TRUE,TRUE
"spot10.24","singlet","DCT","VSM",FALSE,FALSE,295.939199885917,320.64887359946,TRUE,TRUE
"spot10.3","singlet","PT","UROTHELIUM",FALSE,FALSE,410.061217168814,410.628692922393,TRUE,TRUE
"spot10.4","doublet_certain","PT","TAL",FALSE,FALSE,346.586634081747,382.549729992789,TRUE,TRUE
"spot10.5","singlet","PT","VSM",FALSE,FALSE,415.008436196556,415.710086474941,TRUE,TRUE
"spot10.6","singlet","PT","DCT",FALSE,FALSE,402.98427159807,409.091408626058,TRUE,TRUE
"spot10.7","reject","ENDO","TAL",FALSE,FALSE,284.557059562321,334.557059562321,TRUE,TRUE
"spot10.8","singlet","ENDO","CCD",FALSE,FALSE,307.252735477482,312.354004964741,TRUE,TRUE
"spot10.9","doublet_uncertain","TAL","PT",FALSE,FALSE,349.994510238654,383.705231394798,TRUE,TRUE
"spot11.0","doublet_certain","PT","CCD",FALSE,FALSE,407.483574277951,435.968775509943,TRUE,TRUE
"spot11.1","doublet_certain","PT","ENDO",FALSE,FALSE,300.578257944074,334.171637608314,TRUE,TRUE
"spot11.10","singlet","TAL","PT",FALSE,FALSE,296.547102638338,308.77659137877,TRUE,TRUE
"spot11.11","reject","DCT","IMMUNE",FALSE,FALSE,344.236273056168,394.236273056168,TRUE,TRUE
"spot11.12","singlet","UROTHELIUM","VSM",FALSE,FALSE,462.682928639461,468.989023626909,TRUE,TRUE
"spot11.13","reject","IMMUNE","UROTHELIUM",FALSE,FALSE,403.401408275029,453.401408275029,TRUE,TRUE
"spot11.14","singlet","IMMUNE","PT",FALSE,FALSE,360.790549150566,368.805368808712,TRUE,TRUE
"spot11.15","reject","IMMUNE","TAL",FALSE,FALSE,263.333064380091,313.333064380091,TRUE,TRUE
"spot11.16","singlet","DCT","ENDO",FALSE,FALSE,349.607285015729,365.918502151346,TRUE,TRUE
"spot11.17","singlet","DCT","CCD",FALSE,FALSE,355.663739625541,357.334875636974,TRUE,TRUE
"spot11.18","singlet","TAL","DCT",FALSE,FALSE,282.354786919166,299.568643593007,TRUE,TRUE
"spot11.19","doublet_certain","DCT","PT",FALSE,FALSE,370.729544548811,396.573240179274,TRUE,TRUE
"spot11.2","singlet","PT","TAL",FALSE,FALSE,399.635791374943,400.856335663045,TRUE,TRUE
"spot11.20","singlet","DCT","PT",FALSE,FALSE,323.764939564913,323.846158271486,TRUE,TRUE
"spot11.21","doublet_uncertain","PT","TAL",FALSE,FALSE,393.837579843989,419.820938344142,TRUE,TRUE
"spot11.22","doublet_certain","DCT","PT",FALSE,FALSE,378.786159264488,407.773681428695,TRUE,TRUE
"spot11.23","singlet","DCT","PT",FALSE,FALSE,333.435138390173,337.686047061357,TRUE,TRUE
"spot11.24","singlet","VSM","CCD",FALSE,FALSE,295.727063182205,316.63248377133,TRUE,TRUE
"spot11.3","singlet","PT","IMMUNE",FALSE,FALSE,460.466760180281,461.245924226743,TRUE,TRUE
"spot11.4","singlet","PT","CCD",FALSE,FALSE,389.804655285126,401.94485195059,TRUE,TRUE
"spot11.5","singlet","PT","DCT",FALSE,FALSE,385.600784919522,387.485637028595,TRUE,TRUE
"spot11.6","singlet","PT","TAL",FALSE,FALSE,375.846302262084,385.329320321185,TRUE,TRUE
"spot11.7","singlet","TAL","CCD",FALSE,FALSE,282.173182109019,282.163743674729,TRUE,TRUE
"spot11.8","singlet","TAL","ENDO",FALSE,FALSE,260.445168109937,284.001373579682,TRUE,TRUE
"spot11.9","singlet","ENDO","TAL",FALSE,FALSE,251.565688432497,270.391185578262,TRUE,TRUE
"spot12.0","singlet","CCD","PT",FALSE,FALSE,351.643971462379,352.056450356171,TRUE,TRUE
"spot12.1","singlet","CCD","ENDO",FALSE,FALSE,365.013095789143,371.709562017189,TRUE,TRUE
"spot12.10","singlet","CCD","TAL",FALSE,FALSE,369.654593659868,383.574353522964,TRUE,TRUE
"spot12.11","singlet","IMMUNE","CCD",FALSE,FALSE,373.221047731695,377.150980253985,TRUE,TRUE
"spot12.12","singlet","VSM","IMMUNE",FALSE,FALSE,303.795801510601,308.08045210061,TRUE,TRUE
"spot12.13","singlet","CCD","VSM",FALSE,FALSE,335.637900221447,354.96422242311,TRUE,TRUE
"spot12.14","singlet","PT","IMMUNE",FALSE,FALSE,404.778762818487,413.64015030103,TRUE,TRUE
"spot12.15","doublet_certain","PT","TAL",FALSE,FALSE,341.884939161653,367.719555203513,TRUE,TRUE
"spot12.16","singlet","PT","DCT",FALSE,FALSE,414.181542354429,427.102725243518,TRUE,TRUE
"spot12.17","doublet_certain","PT","DCT",FALSE,FALSE,361.88982987333,403.166733267204,TRUE,TRUE
"spot12.18","singlet","DCT","PT",FALSE,FALSE,332.534781858,354.092724527974,TRUE,TRUE
"spot12.19","doublet_certain","DCT","PT",FALSE,FALSE,354.49114348677,379.522462571627,TRUE,TRUE
"spot12.2","singlet","ENDO","DCT",FALSE,FALSE,292.573202315005,314.541323617341,TRUE,TRUE
"spot12.20","doublet_uncertain","PT","DCT",FALSE,FALSE,428.750974082754,456.871176658819,TRUE,TRUE
"spot12.21","singlet","PT","CCD",FALSE,FALSE,390.912640971959,390.884233557805,TRUE,TRUE
"spot12.22","singlet","IMMUNE","PT",FALSE,FALSE,398.535058709339,413.089017796568,TRUE,TRUE
"spot12.23","singlet","CCD","DCT",FALSE,FALSE,311.497004998984,318.614421560845,TRUE,TRUE
"spot12.24","singlet","DCT","CCD",FALSE,FALSE,329.96647951166,335.644673660154,TRUE,TRUE
"spot12.3","singlet","CCD","PT",FALSE,FALSE,375.319457146294,391.260089187342,TRUE,TRUE
"spot12.4","singlet","PT","CCD",FALSE,FALSE,410.331781010301,432.685701862028,TRUE,TRUE
"spot12.5","singlet","PT","DCT",FALSE,FALSE,377.260608932793,389.059402918241,TRUE,TRUE
"spot12.6","singlet","PT","DCT",FALSE,FALSE,401.57965087405,401.817365719409,TRUE,TRUE
"spot12.7","singlet","TAL","ENDO",FALSE,FALSE,227.18327094879,242.424897466799,TRUE,TRUE
"spot12.8","singlet","ENDO","TAL",FALSE,FALSE,230.667993381445,248.335149917156,TRUE,TRUE
"spot12.9","singlet","TAL","ENDO",FALSE,FALSE,282.554342660984,291.184280336098,TRUE,TRUE
"spot13.0","doublet_uncertain","CCD","PODS",FALSE,FALSE,374.613018212847,403.144588903617,TRUE,TRUE
"spot13.1","singlet","PT","CCD",FALSE,FALSE,378.361607280305,383.401703019651,TRUE,TRUE
"spot13.10","doublet_certain","TAL","PT",FALSE,FALSE,359.082572588677,389.049627421135,TRUE,TRUE
"spot13.11","singlet","PT","DCT",FALSE,FALSE,367.688507797424,379.581284232538,TRUE,TRUE
"spot13.12","singlet","ENDO","DCT",FALSE,FALSE,285.192907581127,296.104130531025,TRUE,TRUE
"spot13.13","singlet","CCD","VSM",FALSE,FALSE,295.267468795389,304.380804786565,TRUE,TRUE
"spot13.14","singlet","VSM","PT",FALSE,FALSE,310.356062627075,331.768274083231,TRUE,TRUE
"spot13.15","singlet","PT","TAL",FALSE,FALSE,389.683578866634,404.664054417854,TRUE,TRUE
"spot13.16","singlet","TAL","PT",FALSE,FALSE,307.424059169735,318.475096403715,TRUE,TRUE
"spot13.17","singlet","PT","TAL",FALSE,FALSE,409.120744984243,430.504460434293,TRUE,TRUE
"spot13.18","singlet","PT","UROTHELIUM",FALSE,FALSE,390.150140368806,397.649120575757,TRUE,TRUE
"spot13.19","singlet","ENDO","TAL",FALSE,FALSE,262.67187258243,271.695369904281,TRUE,TRUE
"spot13.2","doublet_certain","DCT","VSM",FALSE,FALSE,332.081542750838,365.432219633273,TRUE,TRUE
"spot13.20","singlet","PT","TAL",FALSE,FALSE,353.376712869488,366.311524657751,TRUE,TRUE
"spot13.21","singlet","PT","IMMUNE",FALSE,FALSE,417.862408753727,418.79978293347,TRUE,TRUE
"spot13.22","singlet","PT","DCT",FALSE,FALSE,378.063206914186,394.784903622754,TRUE,TRUE
"spot13.23","singlet","DCT","PT",FALSE,FALSE,340.891145514694,360.287422685198,TRUE,TRUE
"spot13.24","singlet","PT","CCD",FALSE,FALSE,390.388950769348,394.03670443691,TRUE,TRUE
"spot13.3","doublet_certain","DCT","VSM",FALSE,FALSE,344.338784259092,375.854299627279,TRUE,TRUE
"spot13.4","singlet","TAL","VSM",FALSE,FALSE,314.47071261606,329.374227665139,TRUE,TRUE
"spot13.5","singlet","DCT","TAL",FALSE,FALSE,329.498466430896,332.203533343684,TRUE,TRUE
"spot13.6","singlet","PT","ENDO",FALSE,FALSE,350.891365050107,352.662923430511,TRUE,TRUE
"spot13.7","doublet_certain","PT","ENDO",FALSE,FALSE,337.0758900524,365.099037798939,TRUE,TRUE
"spot13.8","singlet","PT","IMMUNE",FALSE,FALSE,407.265643619497,411.82819159884,TRUE,TRUE
"spot13.9","doublet_uncertain","PT","TAL",FALSE,FALSE,351.550614833712,384.671304365747,TRUE,TRUE
"spot14.0","singlet","PODS","TAL",FALSE,FALSE,309.78518673312,319.496569727968,TRUE,TRUE
"spot14.1","singlet","ENDO","CCD",FALSE,FALSE,336.850233496309,359.04647574571,TRUE,TRUE
"spot14.10","singlet","PT","TAL",FALSE,FALSE,341.086656048606,344.232343031653,TRUE,TRUE
"spot14.11","singlet","PT","VSM",FALSE,FALSE,379.498935707879,393.971648242883,TRUE,TRUE
"spot14.12","singlet","PT","ENDO",FALSE,FALSE,349.419390883365,373.908665319085,TRUE,TRUE
"spot14.13","singlet","PT","DCT",FALSE,FALSE,357.977421074616,382.655879762157,TRUE,TRUE
"spot14.14","singlet","PT","VSM",FALSE,FALSE,409.061778728329,414.612351323195,TRUE,TRUE
"spot14.15","doublet_certain","PT","TAL",FALSE,FALSE,335.556498763667,365.015244316356,TRUE,TRUE
"spot14.16","singlet","TAL","PT",FALSE,FALSE,275.210669101483,291.061214079585,TRUE,TRUE
"spot14.17","singlet","PT","CCD",FALSE,FALSE,375.30710374059,393.515874752559,TRUE,TRUE
"spot14.18","singlet","PT","DCT",FALSE,FALSE,374.715907209282,375.714100473349,TRUE,TRUE
"spot14.19","doublet_certain","ENDO","PT",FALSE,FALSE,289.244703216267,322.746144801406,TRUE,TRUE
"spot14.2","doublet_certain","PT","ENDO",FALSE,FALSE,340.092439488778,378.50149442041,TRUE,TRUE
"spot14.20","singlet","ENDO","PT",FALSE,FALSE,334.475862011404,352.208880414935,TRUE,TRUE
"spot14.21","singlet","PT","ENDO",FALSE,FALSE,326.632409362395,331.061078225715,TRUE,TRUE
"spot14.22","singlet","PT","DCT",FALSE,FALSE,393.694187949083,412.170450429632,TRUE,TRUE
"spot14.23","singlet","DCT","PT",FALSE,FALSE,337.39643049112,342.414636182786,TRUE,TRUE
"spot14.24","singlet","PT","DCT",FALSE,FALSE,405.110244877434,411.628024070915,TRUE,TRUE
"spot14.3","singlet","PT","DCT",FALSE,FALSE,355.959833222109,380.586527838853,TRUE,TRUE
"spot14.4","singlet","PT","VSM",FALSE,FALSE,386.500556888677,403.28157868826,TRUE,TRUE
"spot14.5","doublet_certain","PT","VSM",FALSE,FALSE,367.618432568915,399.889950972306,TRUE,TRUE
"spot14.6","singlet","PT","VSM",FALSE,FALSE,398.444375387626,402.824299704154,TRUE,TRUE
"spot14.7","singlet","DCT","TAL",FALSE,FALSE,331.901873469853,346.823200030642,TRUE,TRUE
"spot14.8","doublet_certain","DCT","PT",FALSE,FALSE,343.989579417347,376.567953172272,TRUE,TRUE
"spot14.9","singlet","DCT","TAL",FALSE,FALSE,329.271152685218,343.565271235639,TRUE,TRUE
"spot15.0","reject","ENDO","PODS",FALSE,FALSE,254.004470845044,304.004470845044,TRUE,TRUE
"spot15.1","singlet","ENDO","TAL",FALSE,FALSE,277.438162824929,298.097581844566,TRUE,TRUE
"spot15.10","singlet","PT","CCD",FALSE,FALSE,366.106332172719,366.096744720795,TRUE,TRUE
"spot15.11","doublet_certain","TAL","PT",FALSE,FALSE,314.760528542362,348.636244931743,TRUE,TRUE
"spot15.12","singlet","TAL","ENDO",FALSE,FALSE,222.975952657151,231.943669466954,TRUE,TRUE
"spot15.13","singlet","PT","ENDO",FALSE,FALSE,427.678008593691,431.665280938673,TRUE,TRUE
"spot15.14","singlet","PT","CCD",FALSE,FALSE,383.894544983907,383.881294900437,TRUE,TRUE
"spot15.15","doublet_certain","TAL","PT",FALSE,FALSE,329.192517765397,364.642232157031,TRUE,TRUE
"spot15.16","singlet","TAL","PT",FALSE,FALSE,303.504368991742,320.434494910022,TRUE,TRUE
"spot15.17","singlet","PT","DCT",FALSE,FALSE,404.393533171086,419.789292085184,TRUE,TRUE
"spot15.18","singlet","PT","CCD",FALSE,FALSE,373.56392777041,373.5331220914,TRUE,TRUE
"spot15.19","singlet","PT","ENDO",FALSE,FALSE,386.195210115619,391.670195488456,TRUE,TRUE
"spot15.2","singlet","PT","ENDO",FALSE,FALSE,350.521051699514,357.176190646669,TRUE,TRUE
"spot15.20","singlet","ENDO","TAL",FALSE,FALSE,253.022243498386,267.158183313957,TRUE,TRUE
"spot15.21","singlet","ENDO","PT",FALSE,FALSE,269.107520327973,284.29413702594,TRUE,TRUE
"spot15.22","doublet_certain","PT","DCT",FALSE,FALSE,420.794501469202,447.577292775815,TRUE,TRUE
"spot15.23","singlet","DCT","PT",FALSE,FALSE,360.032531919688,365.960947415433,TRUE,TRUE
"spot15.24","singlet","TAL","DCT",FALSE,FALSE,275.543961821058,280.395571861887,TRUE,TRUE
"spot15.3","singlet","ENDO","VSM",FALSE,FALSE,254.175238647454,259.827016863892,TRUE,TRUE
"spot15.4","singlet","PT","ENDO",FALSE,FALSE,327.886262757207,340.752583455265,TRUE,TRUE
"spot15.5","singlet","PT","TAL",FALSE,FALSE,414.189071672013,427.535401105333,TRUE,TRUE
"spot15.6","singlet","PT","TAL",FALSE,FALSE,334.488495983014,343.966811040283,TRUE,TRUE
"spot15.7","singlet","DCT","ENDO",FALSE,FALSE,330.465048098569,333.584111806298,TRUE,TRUE
"spot15.8","doublet_uncertain","PT","CCD",FALSE,FALSE,390.082383034338,426.678778386182,TRUE,TRUE
"spot15.9","singlet","PT","DCT",FALSE,FALSE,428.229206305149,445.342787381061,TRUE,TRUE
"spot16.0","doublet_uncertain","TAL","ENDO",FALSE,FALSE,251.228083140193,279.106953468958,TRUE,TRUE
"spot16.1","singlet","TAL","VSM",FALSE,FALSE,311.100218230174,323.047376177073,TRUE,TRUE
"spot16.10","doublet_certain","PT","VSM",FALSE,FALSE,342.302350287508,371.770320746304,TRUE,TRUE
"spot16.11","singlet","TAL","VSM",FALSE,FALSE,347.182994475693,365.189344710083,TRUE,TRUE
"spot16.12","doublet_certain","ENDO","TAL",FALSE,FALSE,289.192158113606,324.508692492113,TRUE,TRUE
"spot16.13","singlet","TAL","PT",FALSE,FALSE,313.044984602327,321.749434132718,TRUE,TRUE
"spot16.14","singlet","TAL","PT",FALSE,FALSE,296.53111981197,301.016333424849,TRUE,TRUE
"spot16.15","singlet","PT","TAL",FALSE,FALSE,355.887682949654,373.72761456613,TRUE,TRUE
"spot16.16","singlet","PT","TAL",FALSE,FALSE,383.8257050213,387.708794204676,TRUE,TRUE
"spot16.17","doublet_certain","DCT","PT",FALSE,FALSE,376.260121629332,409.010816201416,TRUE,TRUE
"spot16.18","doublet_certain","DCT","PT",FALSE,FALSE,323.422356621541,348.952259709906,TRUE,TRUE
"spot16.19","reject","DCT","TAL",FALSE,FALSE,359.820013386837,409.820013386837,TRUE,TRUE
"spot16.2","singlet","PT","TAL",FALSE,FALSE,401.640571676956,404.659165363487,TRUE,TRUE
"spot16.20","singlet","TAL","IMMUNE",FALSE,FALSE,307.522062280605,308.430694294221,TRUE,TRUE
"spot16.21","singlet","IMMUNE","TAL",FALSE,FALSE,343.024687588351,351.32636267581,TRUE,TRUE
"spot16.22","singlet","IMMUNE","DCT",FALSE,FALSE,349.053187974683,360.214292780537,TRUE,TRUE
"spot16.23","doublet_certain","PT","DCT",FALSE,FALSE,381.75672224339,417.739695071998,TRUE,TRUE
"spot16.24","doublet_uncertain","PT","DCT",FALSE,FALSE,406.68113943192,437.840065006779,TRUE,TRUE
"spot16.3","singlet","VSM","PT",FALSE,FALSE,320.707001264682,341.747862881603,TRUE,TRUE
"spot16.4","doublet_certain","VSM","TAL",FALSE,FALSE,269.990334167521,296.951543820663,TRUE,TRUE
"spot16.5","doublet_uncertain","PT","DCT",FALSE,FALSE,369.655339274113,425.413712295108,TRUE,TRUE
"spot16.6","singlet","DCT","PT",FALSE,FALSE,335.641775429415,350.770224684974,TRUE,TRUE
"spot16.7","singlet","ENDO","PT",FALSE,FALSE,232.296731989924,235.734440492026,TRUE,TRUE
"spot16.8","singlet","TAL","PT",FALSE,FALSE,302.698243765869,306.376846668494,TRUE,TRUE
"spot16.9","singlet","TAL","PT",FALSE,FALSE,296.241646141229,307.242555314659,TRUE,TRUE
"spot17.0","doublet_certain","PT","ENDO",FALSE,FALSE,342.493870956208,371.022931644162,TRUE,TRUE
"spot17.1","reject","CCD","TAL",FALSE,FALSE,389.384976258339,439.384976258339,TRUE,TRUE
"spot17.10","singlet","TAL","VSM",FALSE,FALSE,258.217707192008,275.21913917569,TRUE,TRUE
"spot17.11","singlet","TAL","CCD",FALSE,FALSE,273.480626893605,281.166370346308,TRUE,TRUE
"spot17.12","singlet","PT","ENDO",FALSE,FALSE,433.558153959548,435.304993521967,TRUE,TRUE
"spot17.13","singlet","PT","VSM",FALSE,FALSE,439.358438216709,439.709530316836,TRUE,TRUE
"spot17.14","doublet_certain","TAL","PT",FALSE,FALSE,373.075596206748,405.168859851602,TRUE,TRUE
"spot17.15","doublet_certain","CCD","PT",FALSE,FALSE,408.772317343877,434.421384031087,TRUE,TRUE
"spot17.16","doublet_certain","PT","CCD",FALSE,FALSE,388.088832146945,422.153303939345,TRUE,TRUE
"spot17.17","singlet","PT","TAL",FALSE,FALSE,415.278158105781,435.760992648345,TRUE,TRUE
"spot17.18","singlet","PT","CCD",FALSE,FALSE,376.801651530177,394.650590238521,TRUE,TRUE
"spot17.19","singlet","PT","ENDO",FALSE,FALSE,355.996005570234,361.955523647394,TRUE,TRUE
"spot17.2","singlet","PT","UROTHELIUM",FALSE,FALSE,414.415300198614,416.328854170975,TRUE,TRUE
"spot17.20","singlet","TAL","PT",FALSE,FALSE,328.746933083455,336.234182131777,TRUE,TRUE
"spot17.21","singlet","IMMUNE","TAL",FALSE,FALSE,364.075791491847,373.400954661417,TRUE,TRUE
"spot17.22","singlet","ENDO","TAL",FALSE,FALSE,211.43627752869,230.638716763919,TRUE,TRUE
"spot17.23","singlet","PT","TAL",FALSE,FALSE,374.643881996004,395.933163620931,TRUE,TRUE
"spot17.24","singlet","PT","PODS",FALSE,FALSE,411.184552090444,412.690322777325,TRUE,TRUE
"spot17.3","singlet","PT","TAL",FALSE,FALSE,411.698498963713,424.042369732187,TRUE,TRUE
"spot17.4","singlet","PT","ENDO",FALSE,FALSE,398.212399878269,404.223838658075,TRUE,TRUE
"spot17.5","singlet","PT","IMMUNE",FALSE,FALSE,377.288376792701,386.207508323155,TRUE,TRUE
"spot17.6","singlet","PT","TAL",FALSE,FALSE,387.584210095403,402.219027286689,TRUE,TRUE
"spot17.7","singlet","PT","CCD",FALSE,FALSE,390.062250877741,407.284777849679,TRUE,TRUE
"spot17.8","singlet","CCD","PT",FALSE,FALSE,407.957275375388,429.265222927508,TRUE,TRUE
"spot17.9","reject","PT","TAL",FALSE,FALSE,342.092196738787,392.092196738787,TRUE,TRUE
"spot18.0","singlet","PT","TAL",FALSE,FALSE,402.543481771613,403.222562359839,TRUE,TRUE
"spot18.1","singlet","PT","ENDO",FALSE,FALSE,327.615473397431,339.771856697011,TRUE,TRUE
"spot18.10","singlet","DCT","TAL",FALSE,FALSE,317.276153999037,332.268444546564,TRUE,TRUE
"spot18.11","singlet","DCT","PT",FALSE,FALSE,335.89416226275,352.247793987203,TRUE,TRUE
"spot18.12","singlet","CCD","PT",FALSE,FALSE,392.878760198232,401.839018689817,TRUE,TRUE
"spot18.13","singlet","PT","CCD",FALSE,FALSE,420.833114271159,428.576502204827,TRUE,TRUE
"spot18.14","singlet","PT","CCD",FALSE,FALSE,421.975069827953,438.43219991603,TRUE,TRUE
"spot18.15","singlet","CCD","ENDO",FALSE,FALSE,374.940034650571,376.368958881713,TRUE,TRUE
"spot18.16","singlet","CCD","TAL",FALSE,FALSE,365.274343526185,371.812847488026,TRUE,TRUE
"spot18.17","singlet","TAL","PODS",FALSE,FALSE,271.120674245152,272.389684331141,TRUE,TRUE
"spot18.18","singlet","CCD","PT",FALSE,FALSE,377.717261360016,395.086410246122,TRUE,TRUE
"spot18.19","singlet","PT","DCT",FALSE,FALSE,404.312592374155,426.673914076294,TRUE,TRUE
"spot18.2","singlet","PT","DCT",FALSE,FALSE,391.139351037807,391.199410066459,TRUE,TRUE
"spot18.20","singlet","VSM","DCT",FALSE,FALSE,241.807887841316,255.142731284141,TRUE,TRUE
"spot18.21","doublet_certain","VSM","TAL",FALSE,FALSE,285.466062513852,312.337806828648,TRUE,TRUE
"spot18.22","doublet_certain","PT","TAL",FALSE,FALSE,353.849376787799,389.066740279324,TRUE,TRUE
"spot18.23","doublet_certain","VSM","PT",FALSE,FALSE,305.34572798353,334.247938631405,TRUE,TRUE
"spot18.24","singlet","PT","VSM",FALSE,FALSE,357.850832122238,370.847405008655,TRUE,TRUE
"spot18.3","singlet","PT","ENDO",FALSE,FALSE,383.668920440722,386.409907108537,TRUE,TRUE
"spot18.4","singlet","PT","VSM",FALSE,FALSE,394.036118461369,400.269149736676,TRUE,TRUE
"spot18.5","singlet","TAL","PT",FALSE,FALSE,319.183487563135,332.461121642239,TRUE,TRUE
"spot18.6","singlet","PT","TAL",FALSE,FALSE,402.986320662248,415.56852780333,TRUE,TRUE
"spot18.7","singlet","PT","UROTHELIUM",FALSE,FALSE,446.423662378872,456.44019336091,TRUE,TRUE
"spot18.8","singlet","PT","UROTHELIUM",FALSE,FALSE,404.229686071643,411.747623729375,TRUE,TRUE
"spot18.9","singlet","PT","TAL",FALSE,FALSE,423.660299045308,431.913561665317,TRUE,TRUE
"spot19.0","singlet","PT","DCT",FALSE,FALSE,341.278417051937,344.220429682543,TRUE,TRUE
"spot19.1","singlet","PT","TAL",FALSE,FALSE,378.734666759625,379.233358458341,TRUE,TRUE
"spot19.10","doublet_certain","TAL","ENDO",FALSE,FALSE,275.166183585187,307.348062770814,TRUE,TRUE
"spot19.11","doublet_certain","PT","DCT",FALSE,FALSE,382.365110937456,413.699744866763,TRUE,TRUE
"spot19.12","singlet","PT","CCD",FALSE,FALSE,404.928029033903,412.402306803231,TRUE,TRUE
"spot19.13","singlet","PT","ENDO",FALSE,FALSE,426.77564642602,432.804928339959,TRUE,TRUE
"spot19.14","singlet","PT","CCD",FALSE,FALSE,352.415166935629,369.397594719176,TRUE,TRUE
"spot19.15","singlet","CCD","TAL",FALSE,FALSE,318.490836072946,332.062064506896,TRUE,TRUE
"spot19.16","doublet_certain","PT","CCD",FALSE,FALSE,404.665830041625,433.524250501739,TRUE,TRUE
"spot19.17","doublet_uncertain","ENDO","DCT",FALSE,FALSE,300.418287625422,338.319429393409,TRUE,TRUE
"spot19.18","reject","IMMUNE","TAL",FALSE,FALSE,396.066907361082,446.066907361082,TRUE,TRUE
"spot19.19","singlet","DCT","PT",FALSE,FALSE,322.76700276789,330.986475341693,TRUE,TRUE
"spot19.2","doublet_uncertain","PT","DCT",FALSE,FALSE,348.193289702784,381.906220236677,TRUE,TRUE
"spot19.20","singlet","CCD","DCT",FALSE,FALSE,377.009432792007,389.40992336797,TRUE,TRUE
"spot19.21","reject","ENDO","TAL",FALSE,FALSE,313.577262567802,363.577262567802,TRUE,TRUE
"spot19.22","singlet","TAL","PT",FALSE,FALSE,353.07858122724,367.084809644763,TRUE,TRUE
"spot19.23","singlet","PT","PODS",FALSE,FALSE,392.429060679463,393.012681530149,TRUE,TRUE
"spot19.24","singlet","PT","TAL",FALSE,FALSE,363.868212669522,367.409305865888,TRUE,TRUE
"spot19.3","singlet","PT","TAL",FALSE,FALSE,328.606094601521,345.307814829186,TRUE,TRUE
"spot19.4","singlet","PT","ENDO",FALSE,FALSE,382.013576919145,404.661558561884,TRUE,TRUE
"spot19.5","singlet","TAL","PT",FALSE,FALSE,321.330199746981,335.437986853039,TRUE,TRUE
"spot19.6","singlet","PT","IMMUNE",FALSE,FALSE,382.155918299827,402.128293936422,TRUE,TRUE
"spot19.7","singlet","UROTHELIUM","IMMUNE",FALSE,FALSE,477.739292783379,489.521705921455,TRUE,TRUE
"spot19.8","singlet","PT","UROTHELIUM",FALSE,FALSE,425.426373916783,449.723448287623,TRUE,TRUE
"spot19.9","singlet","PT","TAL",FALSE,FALSE,398.018394578588,401.219432333075,TRUE,TRUE
"spot2.0","singlet","TAL","ENDO",FALSE,FALSE,275.833880237206,276.545889920132,TRUE,TRUE
"spot2.1","singlet","DCT","CCD",FALSE,FALSE,340.463770091228,357.8554526252,TRUE,TRUE
"spot2.10","doublet_certain","TAL","PT",FALSE,FALSE,348.828055813169,387.048196318489,TRUE,TRUE
"spot2.11","singlet","TAL","PODS",FALSE,FALSE,286.007952447272,287.613890935885,TRUE,TRUE
"spot2.12","singlet","TAL","DCT",FALSE,FALSE,336.854100623717,343.965046733944,TRUE,TRUE
"spot2.13","singlet","DCT","CCD",FALSE,FALSE,362.723118787037,368.685717724211,TRUE,TRUE
"spot2.14","singlet","PT","DCT",FALSE,FALSE,391.10995477516,399.122231438852,TRUE,TRUE
"spot2.15","singlet","PT","ENDO",FALSE,FALSE,387.794439410522,391.993021523554,TRUE,TRUE
"spot2.16","singlet","PT","TAL",FALSE,FALSE,385.098086514521,387.544847757951,TRUE,TRUE
"spot2.17","singlet","TAL","PODS",FALSE,FALSE,301.811719989503,304.541558522346,TRUE,TRUE
"spot2.18","doublet_certain","ENDO","PT",FALSE,FALSE,302.769296453394,337.849443173035,TRUE,TRUE
"spot2.19","singlet","ENDO","TAL",FALSE,FALSE,219.112873060021,236.59335218401,TRUE,TRUE
"spot2.2","singlet","CCD","TAL",FALSE,FALSE,331.005715329377,334.468363129946,TRUE,TRUE
"spot2.20","singlet","PT","TAL",FALSE,FALSE,356.429351399054,377.349210737743,TRUE,TRUE
"spot2.21","singlet","PT","VSM",FALSE,FALSE,387.728247304793,391.253213527531,TRUE,TRUE
"spot2.22","singlet","PT","TAL",FALSE,FALSE,377.893309545205,387.866014829172,TRUE,TRUE
"spot2.23","singlet","TAL","DCT",FALSE,FALSE,272.794631356038,273.780690543009,TRUE,TRUE
"spot2.24","singlet","TAL","DCT",FALSE,FALSE,340.83153326434,350.460503633536,TRUE,TRUE
"spot2.3","reject","DCT","PT",FALSE,FALSE,334.551424370503,384.551424370503,TRUE,TRUE
"spot2.4","singlet","ENDO","PODS",FALSE,FALSE,215.144511381809,217.194986956484,TRUE,TRUE
"spot2.5","singlet","TAL","DCT",FALSE,FALSE,302.285850001309,304.300564283638,TRUE,TRUE
"spot2.6","singlet","DCT","ENDO",FALSE,FALSE,299.120706037021,301.118442312327,TRUE,TRUE
"spot2.7","singlet","ENDO","TAL",FALSE,FALSE,222.511321844784,226.389367239332,TRUE,TRUE
"spot2.8","singlet","TAL","DCT",FALSE,FALSE,283.275904278213,283.794543312581,TRUE,TRUE
"spot2.9","reject","DCT","TAL",FALSE,FALSE,324.451793248348,374.451793248348,TRUE,TRUE
"spot20.0","singlet","ENDO","IMMUNE",FALSE,FALSE,287.580735606996,291.665924035937,TRUE,TRUE
"spot20.1","singlet","CCD","PT",FALSE,FALSE,371.676811649583,383.649367571932,TRUE,TRUE
"spot20.10","singlet","VSM","ENDO",FALSE,FALSE,281.41070440952,284.47664829712,TRUE,TRUE
"spot20.11","reject","DCT","PT",FALSE,FALSE,282.09324676571,332.09324676571,TRUE,TRUE
"spot20.12","singlet","PT","DCT",FALSE,FALSE,363.486104650765,381.817539502541,TRUE,TRUE
"spot20.13","singlet","PT","ENDO",FALSE,FALSE,395.729133865341,405.162546535498,TRUE,TRUE
"spot20.14","singlet","ENDO","TAL",FALSE,FALSE,296.282840523223,313.669826307687,TRUE,TRUE
"spot20.15","singlet","DCT","TAL",FALSE,FALSE,291.300329776562,302.643420187323,TRUE,TRUE
"spot20.16","singlet","PT","ENDO",FALSE,FALSE,388.619313482402,392.427649031909,TRUE,TRUE
"spot20.17","singlet","DCT","PT",FALSE,FALSE,363.548384356063,384.072691679663,TRUE,TRUE
"spot20.18","singlet","PT","DCT",FALSE,FALSE,390.449364197555,404.06449693677,TRUE,TRUE
"spot20.19","singlet","PT","DCT",FALSE,FALSE,376.706820186027,394.308112898192,TRUE,TRUE
"spot20.2","singlet","DCT","IMMUNE",FALSE,FALSE,312.489784450814,318.784013618295,TRUE,TRUE
"spot20.20","singlet","DCT","CCD",FALSE,FALSE,325.867657237509,340.891371475619,TRUE,TRUE
"spot20.21","singlet","ENDO","TAL",FALSE,FALSE,308.41817782713,325.414487850551,TRUE,TRUE
"spot20.22","singlet","VSM","PT",FALSE,FALSE,274.673819823989,276.379502110194,TRUE,TRUE
"spot20.23","singlet","PT","CCD",FALSE,FALSE,411.892961181813,422.677312664672,TRUE,TRUE
"spot20.24","singlet","PT","TAL",FALSE,FALSE,350.541414587566,373.913012024737,TRUE,TRUE
"spot20.3","singlet","DCT","TAL",FALSE,FALSE,333.042013928386,343.391486022079,TRUE,TRUE
"spot20.4","singlet","PT","ENDO",FALSE,FALSE,408.309320581867,409.682164333143,TRUE,TRUE
"spot20.5","singlet","PT","TAL",FALSE,FALSE,398.389056099551,399.041733986655,TRUE,TRUE
"spot20.6","singlet","PT","IMMUNE",FALSE,FALSE,409.657451021695,420.513785091341,TRUE,TRUE
"spot20.7","singlet","DCT","PT",FALSE,FALSE,337.467140197396,362.357009111828,TRUE,TRUE
"spot20.8","singlet","PT","ENDO",FALSE,FALSE,323.785392378069,324.17766705077,TRUE,TRUE
"spot20.9","doublet_certain","PT","TAL",FALSE,FALSE,318.980466182818,347.715406828921,TRUE,TRUE
"spot21.0","doublet_certain","PT","DCT",FALSE,FALSE,392.395954647653,424.627812971955,TRUE,TRUE
"spot21.1","singlet","CCD","PT",FALSE,FALSE,405.396552174693,422.79798271037,TRUE,TRUE
"spot21.10","singlet","DCT","VSM",FALSE,FALSE,327.468338816072,350.396536665994,TRUE,TRUE
"spot21.11","doublet_uncertain","PT","TAL",FALSE,FALSE,382.136331410829,412.468669899352,TRUE,TRUE
"spot21.12","singlet","CCD","DCT",FALSE,FALSE,367.12739497777,391.002885638491,TRUE,TRUE
"spot21.13","singlet","PT","ENDO",FALSE,FALSE,308.226734477715,329.231392572678,TRUE,TRUE
"spot21.14","doublet_uncertain","UROTHELIUM","PT",FALSE,FALSE,398.855051071353,426.691757492371,TRUE,TRUE
"spot21.15","singlet","UROTHELIUM","DCT",FALSE,FALSE,367.271398704421,378.291459877802,TRUE,TRUE
"spot21.16","singlet","PT","ENDO",FALSE,FALSE,328.750709180705,350.97391064677,TRUE,TRUE
"spot21.17","singlet","PT","CCD",FALSE,FALSE,358.749675203347,358.737199192289,TRUE,TRUE
"spot21.18","singlet","TAL","PT",FALSE,FALSE,384.947070176575,409.524997521745,TRUE,TRUE
"spot21.19","singlet","DCT","TAL",FALSE,FALSE,323.542421354615,336.551149297672,TRUE,TRUE
"spot21.2","doublet_certain","IMMUNE","DCT",FALSE,FALSE,394.385742130448,424.385167599186,TRUE,TRUE
"spot21.20","singlet","DCT","TAL",FALSE,FALSE,232.054591714007,238.369497242098,TRUE,TRUE
"spot21.21","doublet_certain","TAL","PT",FALSE,FALSE,358.384651118763,392.062482730446,TRUE,TRUE
"spot21.22","singlet","PT","CCD",FALSE,FALSE,366.8534683643,371.457256307716,TRUE,TRUE
"spot21.23","singlet","TAL","CCD",FALSE,FALSE,333.97666568001,356.156989614983,TRUE,TRUE
"spot21.24","singlet","DCT","CCD",FALSE,FALSE,293.504200023787,300.679855992118,TRUE,TRUE
"spot21.3","reject","DCT","ENDO",FALSE,FALSE,341.082504048736,391.082504048736,TRUE,TRUE
"spot21.4","reject","ENDO","TAL",FALSE,FALSE,315.836679744007,365.836679744007,TRUE,TRUE
"spot21.5","singlet","PT","DCT",FALSE,FALSE,393.746714609227,398.757547093382,TRUE,TRUE
"spot21.6","singlet","PT","DCT",FALSE,FALSE,439.986524595727,464.678914845521,TRUE,TRUE
"spot21.7","singlet","PT","DCT",FALSE,FALSE,362.996670444084,373.532362191553,TRUE,TRUE
"spot21.8","singlet","TAL","ENDO",FALSE,FALSE,298.451104488705,323.039792292755,TRUE,TRUE
"spot21.9","singlet","PT","VSM",FALSE,FALSE,364.9870330731,376.766795587916,TRUE,TRUE
"spot22.0","singlet","PT","ENDO",FALSE,FALSE,426.003818389305,429.24187372599,TRUE,TRUE
"spot22.1","singlet","PT","DCT",FALSE,FALSE,400.827308150884,413.395440847306,TRUE,TRUE
"spot22.10","doublet_uncertain","PT","DCT",FALSE,FALSE,380.788744693463,432.258586618366,TRUE,TRUE
"spot22.11","doublet_certain","TAL","PT",FALSE,FALSE,370.297720212052,395.867163518234,TRUE,TRUE
"spot22.12","singlet","PT","ENDO",FALSE,FALSE,368.577195105855,375.524138187331,TRUE,TRUE
"spot22.13","singlet","PT","IMMUNE",FALSE,FALSE,343.899110058952,350.827511282823,TRUE,TRUE
"spot22.14","singlet","PT","DCT",FALSE,FALSE,346.429658304981,356.924988514524,TRUE,TRUE
"spot22.15","doublet_certain","UROTHELIUM","PT",FALSE,FALSE,510.910992516318,549.259234810255,TRUE,TRUE
"spot22.16","singlet","PT","DCT",FALSE,FALSE,360.12240439738,367.664633300851,TRUE,TRUE
"spot22.17","singlet","PT","DCT",FALSE,FALSE,355.233169271106,372.260151525022,TRUE,TRUE
"spot22.18","singlet","PT","ENDO",FALSE,FALSE,292.391862624574,309.217209349567,TRUE,TRUE
"spot22.19","singlet","DCT","ENDO",FALSE,FALSE,291.677794234517,305.387110981549,TRUE,TRUE
"spot22.2","singlet","DCT","PT",FALSE,FALSE,327.19486231583,344.234740798732,TRUE,TRUE
"spot22.20","singlet","DCT","PT",FALSE,FALSE,356.520043771437,370.343451449237,TRUE,TRUE
"spot22.21","singlet","PT","TAL",FALSE,FALSE,411.097445399862,425.602113133617,TRUE,TRUE
"spot22.22","doublet_certain","TAL","VSM",FALSE,FALSE,231.500498823637,258.493141809974,TRUE,TRUE
"spot22.23","doublet_uncertain","VSM","DCT",FALSE,FALSE,329.853603535552,368.20107757928,TRUE,TRUE
"spot22.24","singlet","DCT","TAL",FALSE,FALSE,275.369032650639,277.194955257131,TRUE,TRUE
"spot22.3","doublet_certain","PT","ENDO",FALSE,FALSE,265.24957201145,290.540854114767,TRUE,TRUE
"spot22.4","singlet","PT","TAL",FALSE,FALSE,351.481653648327,368.293041066055,TRUE,TRUE
"spot22.5","doublet_certain","PT","TAL",FALSE,FALSE,352.073635192428,379.030515580643,TRUE,TRUE
"spot22.6","singlet","PT","TAL",FALSE,FALSE,438.520141446065,439.013370555965,TRUE,TRUE
"spot22.7","singlet","PT","DCT",FALSE,FALSE,389.681879718741,393.123375003412,TRUE,TRUE
"spot22.8","doublet_certain","CCD","TAL",FALSE,FALSE,334.670480416345,360.708462418581,TRUE,TRUE
"spot22.9","singlet","PT","TAL",FALSE,FALSE,373.750862661888,398.592427268538,TRUE,TRUE
"spot23.0","singlet","PT","TAL",FALSE,FALSE,418.877883061004,424.10758700024,TRUE,TRUE
"spot23.1","singlet","PT","ENDO",FALSE,FALSE,438.320045602258,439.97430061942,TRUE,TRUE
"spot23.10","doublet_certain","TAL","PT",FALSE,FALSE,384.229424996516,427.919736991034,TRUE,TRUE
"spot23.11","reject","CCD","TAL",FALSE,FALSE,377.642242258239,427.642242258239,TRUE,TRUE
"spot23.12","singlet","PT","VSM",FALSE,FALSE,363.551749004201,381.532537890348,TRUE,TRUE
"spot23.13","singlet","CCD","PT",FALSE,FALSE,376.337663789489,385.542034934819,TRUE,TRUE
"spot23.14","singlet","PT","CCD",FALSE,FALSE,384.241992546609,402.605455961329,TRUE,TRUE
"spot23.15","singlet","PT","TAL",FALSE,FALSE,414.860804888818,416.227900782304,TRUE,TRUE
"spot23.16","doublet_certain","PT","TAL",FALSE,FALSE,344.688616108007,369.946450589474,TRUE,TRUE
"spot23.17","reject","DCT","PT",FALSE,FALSE,394.779820925137,444.779820925137,TRUE,TRUE
"spot23.18","singlet","PT","IMMUNE",FALSE,FALSE,407.209817879815,409.304975289707,TRUE,TRUE
"spot23.19","singlet","PT","CCD",FALSE,FALSE,376.702639773374,377.9792272867,TRUE,TRUE
"spot23.2","singlet","PT","ENDO",FALSE,FALSE,417.899612664916,432.473714754623,TRUE,TRUE
"spot23.20","singlet","PT","TAL",FALSE,FALSE,393.986813190037,394.309525750396,TRUE,TRUE
"spot23.21","singlet","PT","TAL",FALSE,FALSE,399.567406200721,403.36836589931,TRUE,TRUE
"spot23.22","singlet","PT","TAL",FALSE,FALSE,384.556129340966,388.517896336785,TRUE,TRUE
"spot23.23","singlet","PT","DCT",FALSE,FALSE,403.98331733294,417.425241272328,TRUE,TRUE
"spot23.24","doublet_certain","DCT","ENDO",FALSE,FALSE,255.179556477063,283.767616104666,TRUE,TRUE
"spot23.3","singlet","PT","ENDO",FALSE,FALSE,324.785854047754,328.898480893172,TRUE,TRUE
"spot23.4","singlet","PT","IMMUNE",FALSE,FALSE,453.12581099507,453.594041846164,TRUE,TRUE
"spot23.5","singlet","PT","ENDO",FALSE,FALSE,320.993981645,336.983416937958,TRUE,TRUE
"spot23.6","singlet","PT","DCT",FALSE,FALSE,369.931441569007,386.022382305989,TRUE,TRUE
"spot23.7","singlet","DCT","CCD",FALSE,FALSE,346.750514468873,349.581939019768,TRUE,TRUE
"spot23.8","singlet","CCD","DCT",FALSE,FALSE,329.534449996542,349.253161373706,TRUE,TRUE
"spot23.9","singlet","DCT","PT",FALSE,FALSE,332.29190912925,336.090852181741,TRUE,TRUE
"spot24.0","singlet","DCT","PT",FALSE,FALSE,346.115142954315,368.825478687737,TRUE,TRUE
"spot24.1","singlet","PT","ENDO",FALSE,FALSE,378.571346544569,379.699331007967,TRUE,TRUE
"spot24.10","singlet","PT","CCD",FALSE,FALSE,403.842101839047,416.541567560386,TRUE,TRUE
"spot24.11","singlet","CCD","IMMUNE",FALSE,FALSE,342.001042037571,343.061632437824,TRUE,TRUE
"spot24.12","singlet","PT","CCD",FALSE,FALSE,347.267709164522,362.379377419794,TRUE,TRUE
"spot24.13","singlet","PT","DCT",FALSE,FALSE,389.523539259241,393.047276532556,TRUE,TRUE
"spot24.14","singlet","PT","ENDO",FALSE,FALSE,393.638211603632,406.336579044739,TRUE,TRUE
"spot24.15","doublet_certain","PT","CCD",FALSE,FALSE,405.060206165402,440.939516176856,TRUE,TRUE
"spot24.16","singlet","CCD","TAL",FALSE,FALSE,318.603554029736,335.868927148461,TRUE,TRUE
"spot24.17","singlet","DCT","TAL",FALSE,FALSE,311.20391609966,319.095831142616,TRUE,TRUE
"spot24.18","doublet_certain","PT","DCT",FALSE,FALSE,380.882873493814,406.581091628007,TRUE,TRUE
"spot24.19","singlet","PT","DCT",FALSE,FALSE,368.423272025106,390.562740581333,TRUE,TRUE
"spot24.2","singlet","CCD","PT",FALSE,FALSE,329.943801008031,339.834377253295,TRUE,TRUE
"spot24.20","singlet","DCT","PT",FALSE,FALSE,316.824720402222,325.017429989693,TRUE,TRUE
"spot24.21","singlet","PT","DCT",FALSE,FALSE,388.916510571808,391.270262114045,TRUE,TRUE
"spot24.22","singlet","PT","DCT",FALSE,FALSE,416.148184108768,418.08312821424,TRUE,TRUE
"spot24.23","singlet","PT","DCT",FALSE,FALSE,425.76705299392,432.576555037934,TRUE,TRUE
"spot24.24","singlet","DCT","IMMUNE",FALSE,FALSE,328.388790659191,336.582373236935,TRUE,TRUE
"spot24.3","singlet","CCD","PT",FALSE,FALSE,364.080723325953,378.594908933277,TRUE,TRUE
"spot24.4","singlet","PT","CCD",FALSE,FALSE,399.407855372352,399.720144618888,TRUE,TRUE
"spot24.5","singlet","PT","DCT",FALSE,FALSE,389.1823959872,393.406398217458,TRUE,TRUE
"spot24.6","singlet","TAL","ENDO",FALSE,FALSE,282.229003664908,288.618217526642,TRUE,TRUE
"spot24.7","singlet","DCT","ENDO",FALSE,FALSE,249.109536597975,254.753637016823,TRUE,TRUE
"spot24.8","singlet","DCT","TAL",FALSE,FALSE,301.039782342376,310.044548523107,TRUE,TRUE
"spot24.9","singlet","PT","TAL",FALSE,FALSE,374.847905127036,391.340210780293,TRUE,TRUE
"spot3.0","singlet","PT","DCT",FALSE,FALSE,363.865442580132,382.005529250115,TRUE,TRUE
"spot3.1","singlet","DCT","PT",FALSE,FALSE,330.904481158376,332.63012324122,TRUE,TRUE
"spot3.10","singlet","VSM","PT",FALSE,FALSE,254.027079274803,256.81139997379,TRUE,TRUE
"spot3.11","singlet","VSM","TAL",FALSE,FALSE,250.346252388625,258.188387442546,TRUE,TRUE
"spot3.12","singlet","PT","TAL",FALSE,FALSE,395.030270775538,406.083132490457,TRUE,TRUE
"spot3.13","singlet","TAL","DCT",FALSE,FALSE,273.342386298345,273.717455441641,TRUE,TRUE
"spot3.14","singlet","PT","DCT",FALSE,FALSE,418.982165527436,421.776750693854,TRUE,TRUE
"spot3.15","singlet","DCT","ENDO",FALSE,FALSE,309.049202868081,329.921859868813,TRUE,TRUE
"spot3.16","singlet","PT","ENDO",FALSE,FALSE,435.947492187439,443.06521389886,TRUE,TRUE
"spot3.17","singlet","PT","ENDO",FALSE,FALSE,373.049774097232,374.2010149608,TRUE,TRUE
"spot3.18","singlet","PT","VSM",FALSE,FALSE,408.77427145307,410.470724667242,TRUE,TRUE
"spot3.19","reject","DCT","PT",FALSE,FALSE,295.217385995408,345.217385995408,TRUE,TRUE
"spot3.2","reject","DCT","IMMUNE",FALSE,FALSE,337.04039657429,387.04039657429,TRUE,TRUE
"spot3.20","singlet","CCD","TAL",FALSE,FALSE,345.308580935544,368.570642741517,TRUE,TRUE
"spot3.21","singlet","PT","CCD",FALSE,FALSE,411.61383852742,435.860928193806,TRUE,TRUE
"spot3.22","singlet","PT","VSM",FALSE,FALSE,404.496779467834,405.108838833067,TRUE,TRUE
"spot3.23","singlet","PT","TAL",FALSE,FALSE,358.550420947798,371.809204955767,TRUE,TRUE
"spot3.24","singlet","PT","TAL",FALSE,FALSE,387.513595340108,408.26750185374,TRUE,TRUE
"spot3.3","doublet_certain","PT","DCT",FALSE,FALSE,387.57097802093,422.525992702024,TRUE,TRUE
"spot3.4","reject","ENDO","TAL",FALSE,FALSE,306.226020275283,356.226020275283,TRUE,TRUE
"spot3.5","doublet_uncertain","TAL","IMMUNE",FALSE,FALSE,388.052135310978,423.232180302987,TRUE,TRUE
"spot3.6","singlet","PT","ENDO",FALSE,FALSE,378.606450586681,386.57425316288,TRUE,TRUE
"spot3.7","reject","ENDO","IMMUNE",FALSE,FALSE,319.066425412052,369.066425412052,TRUE,TRUE
"spot3.8","singlet","PT","TAL",FALSE,FALSE,371.31239957943,391.137704429481,TRUE,TRUE
"spot3.9","singlet","PT","VSM",FALSE,FALSE,371.22369800014,386.017442945658,TRUE,TRUE
"spot4.0","singlet","PT","VSM",FALSE,FALSE,426.023344430567,426.734857534582,TRUE,TRUE
"spot4.1","singlet","PT","CCD",FALSE,FALSE,406.579879610123,406.568482909292,TRUE,TRUE
"spot4.10","singlet","PT","TAL",FALSE,FALSE,408.868667625911,413.865630973656,TRUE,TRUE
"spot4.11","singlet","PT","TAL",FALSE,FALSE,381.239762380185,398.843463280335,TRUE,TRUE
"spot4.12","doublet_certain","VSM","PT",FALSE,FALSE,357.837294412259,397.871411961749,TRUE,TRUE
"spot4.13","singlet","VSM","TAL",FALSE,FALSE,287.456421204574,302.580720718589,TRUE,TRUE
"spot4.14","singlet","PT","VSM",FALSE,FALSE,381.158961002081,395.433866720378,TRUE,TRUE
"spot4.15","singlet","PT","ENDO",FALSE,FALSE,431.759421884227,433.145305131491,TRUE,TRUE
"spot4.16","singlet","PT","TAL",FALSE,FALSE,364.487524645651,364.535416539042,TRUE,TRUE
"spot4.17","singlet","PT","TAL",FALSE,FALSE,400.920302712259,402.028445461717,TRUE,TRUE
"spot4.18","singlet","PT","TAL",FALSE,FALSE,403.340501787985,406.720639252375,TRUE,TRUE
"spot4.19","singlet","DCT","PT",FALSE,FALSE,359.548281815492,373.971985209183,TRUE,TRUE
"spot4.2","doublet_certain","VSM","PT",FALSE,FALSE,369.931045889341,403.163181721075,TRUE,TRUE
"spot4.20","singlet","PT","CCD",FALSE,FALSE,373.819760190189,382.450620681924,TRUE,TRUE
"spot4.21","singlet","PT","CCD",FALSE,FALSE,415.097872890223,420.987469988048,TRUE,TRUE
"spot4.22","singlet","PT","UROTHELIUM",FALSE,FALSE,402.123588515329,403.370471281558,TRUE,TRUE
"spot4.23","singlet","PT","TAL",FALSE,FALSE,391.265681233493,393.933499575196,TRUE,TRUE
"spot4.24","singlet","PT","TAL",FALSE,FALSE,402.602700808788,409.991665469952,TRUE,TRUE
"spot4.3","singlet","CCD","DCT",FALSE,FALSE,413.861006031113,424.087470790047,TRUE,TRUE
"spot4.4","singlet","PT","VSM",FALSE,FALSE,406.431917874098,419.456059068887,TRUE,TRUE
"spot4.5","singlet","IMMUNE","CCD",FALSE,FALSE,383.060801268007,391.622409552582,TRUE,TRUE
"spot4.6","singlet","PT","CCD",FALSE,FALSE,413.346097127898,426.666620473946,TRUE,TRUE
"spot4.7","singlet","PT","TAL",FALSE,FALSE,387.521574787282,411.139959949063,TRUE,TRUE
"spot4.8","singlet","PT","TAL",FALSE,FALSE,388.121982940799,398.816202507906,TRUE,TRUE
"spot4.9","doublet_certain","PT","TAL",FALSE,FALSE,354.337636854112,385.469039303248,TRUE,TRUE
"spot5.0","singlet","DCT","PT",FALSE,FALSE,355.5671962108,356.526325735431,TRUE,TRUE
"spot5.1","singlet","TAL","PT",FALSE,FALSE,282.817756520704,288.790990817527,TRUE,TRUE
"spot5.10","singlet","PT","TAL",FALSE,FALSE,339.506924577738,360.257633635986,TRUE,TRUE
"spot5.11","singlet","PT","VSM",FALSE,FALSE,340.449053496342,359.111388213136,TRUE,TRUE
"spot5.12","singlet","PT","TAL",FALSE,FALSE,402.269623260724,406.313921861462,TRUE,TRUE
"spot5.13","singlet","PT","TAL",FALSE,FALSE,443.35413679281,446.26626284341,TRUE,TRUE
"spot5.14","singlet","PT","CCD",FALSE,FALSE,428.409579760808,435.350141944224,TRUE,TRUE
"spot5.15","doublet_certain","PT","ENDO",FALSE,FALSE,351.957557913547,379.494374160385,TRUE,TRUE
"spot5.16","singlet","TAL","IMMUNE",FALSE,FALSE,262.784353546518,266.3926875736,TRUE,TRUE
"spot5.17","singlet","TAL","CCD",FALSE,FALSE,267.50520572763,267.49512900603,TRUE,TRUE
"spot5.18","singlet","TAL","PT",FALSE,FALSE,329.7688905314,348.21586816079,TRUE,TRUE
"spot5.19","singlet","PT","ENDO",FALSE,FALSE,387.304842813571,392.786937551137,TRUE,TRUE
"spot5.2","singlet","DCT","TAL",FALSE,FALSE,323.678764916529,336.952179144998,TRUE,TRUE
"spot5.20","doublet_certain","ENDO","PT",FALSE,FALSE,315.116203257345,353.434086377426,TRUE,TRUE
"spot5.21","doublet_certain","VSM","PT",FALSE,FALSE,342.709659637617,377.948852898574,TRUE,TRUE
"spot5.22","doublet_certain","PT","VSM",FALSE,FALSE,296.200064789375,322.203939502369,TRUE,TRUE
"spot5.23","doublet_certain","PT","DCT",FALSE,FALSE,360.71185350899,388.496091383742,TRUE,TRUE
"spot5.24","singlet","PT","CCD",FALSE,FALSE,415.600699399563,416.806936702868,TRUE,TRUE
"spot5.3","singlet","DCT","VSM",FALSE,FALSE,320.816383923203,327.745349461575,TRUE,TRUE
"spot5.4","reject","IMMUNE","PT",FALSE,FALSE,362.232282102311,412.232282102311,TRUE,TRUE
"spot5.5","singlet","CCD","IMMUNE",FALSE,FALSE,397.843868888128,419.27332911917,TRUE,TRUE
"spot5.6","reject","CCD","ENDO",FALSE,FALSE,374.248230411568,424.248230411568,TRUE,TRUE
"spot5.7","singlet","PT","ENDO",FALSE,FALSE,436.20280818063,442.688475979677,TRUE,TRUE
"spot5.8","doublet_certain","ENDO","PT",FALSE,FALSE,294.01271246021,324.993934763413,TRUE,TRUE
"spot5.9","singlet","PT","CCD",FALSE,FALSE,386.84583521436,387.709976792589,TRUE,TRUE
"spot6.0","singlet","DCT","ENDO",FALSE,FALSE,329.431118304482,330.510272975935,TRUE,TRUE
"spot6.1","singlet","DCT","TAL",FALSE,FALSE,345.281541851456,355.703715519881,TRUE,TRUE
"spot6.10","doublet_certain","TAL","PT",FALSE,FALSE,339.723980373594,366.006520271516,TRUE,TRUE
"spot6.11","doublet_certain","VSM","TAL",FALSE,FALSE,306.957668947733,340.212084732878,TRUE,TRUE
"spot6.12","singlet","VSM","TAL",FALSE,FALSE,323.320968652985,343.813436450346,TRUE,TRUE
"spot6.13","singlet","CCD","VSM",FALSE,FALSE,330.149852113523,345.092611460837,TRUE,TRUE
"spot6.14","singlet","CCD","PT",FALSE,FALSE,373.53535242834,386.467793733415,TRUE,TRUE
"spot6.15","singlet","PT","TAL",FALSE,FALSE,425.409830868723,435.151547094402,TRUE,TRUE
"spot6.16","singlet","VSM","PT",FALSE,FALSE,322.639358937582,340.373998746571,TRUE,TRUE
"spot6.17","singlet","TAL","ENDO",FALSE,FALSE,264.081669278505,270.359797459776,TRUE,TRUE
"spot6.18","doublet_certain","TAL","PT",FALSE,FALSE,371.77178644616,407.755646659096,TRUE,TRUE
"spot6.19","singlet","PT","IMMUNE",FALSE,FALSE,444.579069559052,446.678878619771,TRUE,TRUE
"spot6.2","singlet","DCT","PT",FALSE,FALSE,357.226925746841,362.007962509055,TRUE,TRUE
"spot6.20","singlet","TAL","VSM",FALSE,FALSE,256.60169858017,263.332812731385,TRUE,TRUE
"spot6.21","singlet","VSM","DCT",FALSE,FALSE,259.325766433627,260.213471385831,TRUE,TRUE
"spot6.22","singlet","VSM","DCT",FALSE,FALSE,247.676131530978,252.822664085082,TRUE,TRUE
"spot6.23","doublet_certain","ENDO","DCT",FALSE,FALSE,282.293704582865,310.546869332373,TRUE,TRUE
"spot6.24","singlet","PT","DCT",FALSE,FALSE,419.973827815269,431.308216499982,TRUE,TRUE
"spot6.3","singlet","PT","DCT",FALSE,FALSE,402.813398403984,424.838569120888,TRUE,TRUE
"spot6.4","singlet","PT","VSM",FALSE,FALSE,422.133270841277,423.794175504233,TRUE,TRUE
"spot6.5","singlet","PT","IMMUNE",FALSE,FALSE,441.8829543548,445.581911108844,TRUE,TRUE
"spot6.6","singlet","PT","IMMUNE",FALSE,FALSE,431.529469290511,434.53133859473,TRUE,TRUE
"spot6.7","doublet_certain","PT","CCD",FALSE,FALSE,407.779250272854,441.907512796365,TRUE,TRUE
"spot6.8","singlet","TAL","PT",FALSE,FALSE,316.001704458494,326.848987122365,TRUE,TRUE
"spot6.9","singlet","TAL","PT",FALSE,FALSE,344.602521596468,353.336486204313,TRUE,TRUE
"spot7.0","singlet","DCT","PT",FALSE,FALSE,385.477729961449,392.236540507833,TRUE,TRUE
"spot7.1","singlet","PT","DCT",FALSE,FALSE,427.864891602908,432.684683562548,TRUE,TRUE
"spot7.10","singlet","TAL","CCD",FALSE,FALSE,323.036027101823,335.096342243691,TRUE,TRUE
"spot7.11","doublet_certain","PT","TAL",FALSE,FALSE,333.662271294038,360.742227342381,TRUE,TRUE
"spot7.12","singlet","PT","TAL",FALSE,FALSE,419.311837923766,422.499594050168,TRUE,TRUE
"spot7.13","singlet","PT","TAL",FALSE,FALSE,414.231570765911,433.311899611591,TRUE,TRUE
"spot7.14","singlet","PT","TAL",FALSE,FALSE,389.704155287734,396.888621375326,TRUE,TRUE
"spot7.15","singlet","PT","TAL",FALSE,FALSE,358.341067581005,376.368570657207,TRUE,TRUE
"spot7.16","singlet","TAL","CCD",FALSE,FALSE,308.021525324307,308.017487945188,TRUE,TRUE
"spot7.17","doublet_certain","PT","TAL",FALSE,FALSE,329.032942287167,355.93737467176,TRUE,TRUE
"spot7.18","singlet","PT","TAL",FALSE,FALSE,388.190410753534,392.942966499532,TRUE,TRUE
"spot7.19","singlet","PT","TAL",FALSE,FALSE,382.102941531204,387.555133989269,TRUE,TRUE
"spot7.2","doublet_certain","PT","ENDO",FALSE,FALSE,385.076352372928,411.279157690324,TRUE,TRUE
"spot7.20","singlet","PT","DCT",FALSE,FALSE,421.049218648292,426.423766872309,TRUE,TRUE
"spot7.21","singlet","DCT","PT",FALSE,FALSE,359.109230767968,368.854825749399,TRUE,TRUE
"spot7.22","singlet","ENDO","PT",FALSE,FALSE,267.653791982402,291.680648052186,TRUE,TRUE
"spot7.23","singlet","ENDO","TAL",FALSE,FALSE,207.976845104676,208.079739360146,TRUE,TRUE
"spot7.24","singlet","ENDO","PT",FALSE,FALSE,252.099675782985,263.754333532961,TRUE,TRUE
"spot7.3","singlet","UROTHELIUM","VSM",FALSE,FALSE,429.97523994371,432.861902112915,TRUE,TRUE
"spot7.4","doublet_certain","VSM","PT",FALSE,FALSE,371.156243031974,400.911461820414,TRUE,TRUE
"spot7.5","singlet","DCT","PT",FALSE,FALSE,326.223238820165,331.112704369726,TRUE,TRUE
"spot7.6","singlet","DCT","CCD",FALSE,FALSE,315.518630676441,319.841424302458,TRUE,TRUE
"spot7.7","singlet","PT","CCD",FALSE,FALSE,395.155068423459,406.644572187298,TRUE,TRUE
"spot7.8","singlet","PT","TAL",FALSE,FALSE,410.698850878998,423.737459798995,TRUE,TRUE
"spot7.9","singlet","CCD","PT",FALSE,FALSE,390.009967650682,405.165462149471,TRUE,TRUE
"spot8.0","singlet","DCT","TAL",FALSE,FALSE,300.98723748673,309.213595215042,TRUE,TRUE
"spot8.1","singlet","PT","TAL",FALSE,FALSE,399.438213425355,402.313914476554,TRUE,TRUE
"spot8.10","singlet","CCD","PT",FALSE,FALSE,351.51590257373,358.91298479011,TRUE,TRUE
"spot8.11","singlet","IMMUNE","PT",FALSE,FALSE,431.094051396148,445.626027528634,TRUE,TRUE
"spot8.12","singlet","PT","DCT",FALSE,FALSE,378.199595094651,384.89517665934,TRUE,TRUE
"spot8.13","doublet_certain","PT","DCT",FALSE,FALSE,360.243958053498,389.509148686814,TRUE,TRUE
"spot8.14","singlet","PT","TAL",FALSE,FALSE,379.929517445345,391.797645386358,TRUE,TRUE
"spot8.15","doublet_certain","TAL","PT",FALSE,FALSE,323.492872369505,359.327874513792,TRUE,TRUE
"spot8.16","singlet","TAL","PT",FALSE,FALSE,268.940724295343,274.092519860035,TRUE,TRUE
"spot8.17","singlet","PT","CCD",FALSE,FALSE,423.990311134104,424.177894116776,TRUE,TRUE
"spot8.18","singlet","PT","TAL",FALSE,FALSE,391.646343575821,393.898134589007,TRUE,TRUE
"spot8.19","singlet","PT","TAL",FALSE,FALSE,374.516572153316,393.059965711588,TRUE,TRUE
"spot8.2","singlet","PT","TAL",FALSE,FALSE,400.072736062669,403.137126276145,TRUE,TRUE
"spot8.20","singlet","PT","TAL",FALSE,FALSE,378.516882373274,389.905317749097,TRUE,TRUE
"spot8.21","doublet_certain","PT","TAL",FALSE,FALSE,384.548730757365,423.178493158229,TRUE,TRUE
"spot8.22","singlet","PT","TAL",FALSE,FALSE,450.851770930114,452.146251218747,TRUE,TRUE
"spot8.23","singlet","ENDO","PT",FALSE,FALSE,239.144266982173,240.532559819283,TRUE,TRUE
"spot8.24","singlet","PT","VSM",FALSE,FALSE,360.155009265368,370.147692155989,TRUE,TRUE
"spot8.3","singlet","PT","PODS",FALSE,FALSE,343.25926750656,356.826345740997,TRUE,TRUE
"spot8.4","doublet_uncertain","PODS","VSM",FALSE,FALSE,292.84681321265,321.626346238675,TRUE,TRUE
"spot8.5","singlet","VSM","DCT",FALSE,FALSE,269.016611941435,278.389449784822,TRUE,TRUE
"spot8.6","singlet","PT","CCD",FALSE,FALSE,417.497266356098,435.909645259448,TRUE,TRUE
"spot8.7","singlet","PT","CCD",FALSE,FALSE,369.034690600184,390.807431865931,TRUE,TRUE
"spot8.8","doublet_certain","PT","CCD",FALSE,FALSE,428.090159450294,465.758693032881,TRUE,TRUE
"spot8.9","singlet","CCD","DCT",FALSE,FALSE,324.423837622411,339.527736845148,TRUE,TRUE
"spot9.0","reject","CCD","DCT",FALSE,FALSE,333.748220752983,383.748220752983,TRUE,TRUE
"spot9.1","singlet","TAL","PT",FALSE,FALSE,292.021202618728,300.599121501837,TRUE,TRUE
"spot9.10","singlet","DCT","PT",FALSE,FALSE,348.195559017836,356.925710213463,TRUE,TRUE
"spot9.11","doublet_uncertain","DCT","IMMUNE",FALSE,FALSE,366.366652100847,392.285199302964,TRUE,TRUE
"spot9.12","singlet","PT","UROTHELIUM",FALSE,FALSE,405.198908558376,422.305000801874,TRUE,TRUE
"spot9.13","singlet","ENDO","DCT",FALSE,FALSE,281.2008300441,305.029811237037,TRUE,TRUE
"spot9.14","singlet","PT","DCT",FALSE,FALSE,365.482169897515,372.074015527685,TRUE,TRUE
"spot9.15","singlet","IMMUNE","TAL",FALSE,FALSE,344.700827440255,350.270457576641,TRUE,TRUE
"spot9.16","doublet_certain","PT","TAL",FALSE,FALSE,301.977780388726,333.212762282448,TRUE,TRUE
"spot9.17","singlet","PT","ENDO",FALSE,FALSE,390.40302974452,395.018429083592,TRUE,TRUE
"spot9.18","singlet","ENDO","PT",FALSE,FALSE,231.343037614586,238.612673437173,TRUE,TRUE
"spot9.19","singlet","PT","ENDO",FALSE,FALSE,365.25554082153,369.830241864155,TRUE,TRUE
"spot9.2","doublet_certain","TAL","PT",FALSE,FALSE,310.911063073966,340.097052801049,TRUE,TRUE
"spot9.20","doublet_certain","PT","DCT",FALSE,FALSE,386.496901924502,423.64122571843,TRUE,TRUE
"spot9.21","singlet","PT","DCT",FALSE,FALSE,406.837845977346,419.436023772194,TRUE,TRUE
"spot9.22","singlet","DCT","TAL",FALSE,FALSE,270.176418719273,272.152314475568,TRUE,TRUE
"spot9.23","singlet","DCT","TAL",FALSE,FALSE,276.643298422989,280.689968966644,TRUE,TRUE
"spot9.24","singlet","PT","DCT",FALSE,FALSE,404.373042295025,412.553230215402,TRUE,TRUE
"spot9.3","doublet_certain","TAL","PT",FALSE,FALSE,347.544845697508,381.346649009442,TRUE,TRUE
"spot9.4","doublet_certain","PODS","PT",FALSE,FALSE,348.500565979863,383.478104219215,TRUE,TRUE
"spot9.5","singlet","PT","VSM",FALSE,FALSE,381.514133792118,404.136968984412,TRUE,TRUE
"spot9.6","singlet","DCT","CCD",FALSE,FALSE,330.515769646647,333.987498723825,TRUE,TRUE
"spot9.7","singlet","CCD","ENDO",FALSE,FALSE,325.080733397051,334.451022233328,TRUE,TRUE
"spot9.8","singlet","ENDO","IMMUNE",FALSE,FALSE,281.611490798998,293.442091741565,TRUE,TRUE
"spot9.9","singlet","PT","IMMUNE",FALSE,FALSE,389.99185808225,403.623664894545,TRUE,TRUE
